<?xml version="1.0" encoding="UTF-8"?>
<project-private xmlns="http://www.netbeans.org/ns/project-private/1">
    <editor-bookmarks xmlns="http://www.netbeans.org/ns/editor-bookmarks/2" lastBookmarkId="0"/>
    <open-files xmlns="http://www.netbeans.org/ns/projectui-open-files/2">
        <group>
            <file>file:/C:/Program%20Files%20(x86)/EasyPHP-Devserver-17/eds-www/PHPMVCFRONTCONTROLLER1/public/header.php</file>
            <file>file:/C:/Program%20Files%20(x86)/EasyPHP-Devserver-17/eds-www/PHPMVCFRONTCONTROLLER1/public/footer.php</file>
            <file>file:/C:/Program%20Files%20(x86)/EasyPHP-Devserver-17/eds-www/PHPMVCFRONTCONTROLLER1/libs/Config.php</file>
            <file>file:/C:/Program%20Files%20(x86)/EasyPHP-Devserver-17/eds-www/PHPMVCFRONTCONTROLLER1/index.php</file>
            <file>file:/C:/Program%20Files%20(x86)/EasyPHP-Devserver-17/eds-www/PHPMVCFRONTCONTROLLER1/view/indexView.php</file>
            <file>file:/C:/Program%20Files%20(x86)/EasyPHP-Devserver-17/eds-www/PHPMVCFRONTCONTROLLER1/libs/View.php</file>
            <file>file:/C:/Program%20Files%20(x86)/EasyPHP-Devserver-17/eds-www/PHPMVCFRONTCONTROLLER1/libs/SPDO.php</file>
            <file>file:/C:/Program%20Files%20(x86)/EasyPHP-Devserver-17/eds-www/PHPMVCFRONTCONTROLLER1/libs/FrontController.php</file>
            <file>file:/C:/Program%20Files%20(x86)/EasyPHP-Devserver-17/eds-www/PHPMVCFRONTCONTROLLER1/libs/configuration.php</file>
            <file>file:/C:/Program%20Files%20(x86)/EasyPHP-Devserver-17/eds-www/PHPMVCFRONTCONTROLLER1/controller/DefaultController.php</file>
        </group>
    </open-files>
</project-private>
